swing_n,rr,risk,min_fvg_pct,allow_short,cagr,max_dd,sharpe,win_rate,profit_factor,n_trades,final
2,2.0,0.03,0.001,False,0.17532724720794546,-0.1957464706933708,1.0778359772488395,0.5183823529411765,1.749772881517721,272,25173.8026803123
3,2.0,0.03,0.001,False,0.17087689142295148,-0.2551076868995431,1.0375676570669568,0.5126353790613718,1.675901244485503,277,23337.253086129873
5,2.0,0.03,0.001,False,0.17023619206955987,-0.26467570857682643,1.0268447740655957,0.5124555160142349,1.7766662119849153,281,23083.576392007777
2,2.0,0.03,0.0015,False,0.16992926994077062,-0.1957464706933708,1.073882613730768,0.5190839694656488,1.8036933933593775,262,22962.984547653807
3,3.0,0.03,0.0015,False,0.16867516685169948,-0.3184493758126423,0.9302180018188085,0.44155844155844154,1.9023929653219884,231,22476.428676979136
3,2.0,0.03,0.0015,False,0.1666687061062826,-0.2551076868995432,1.034695623829742,0.5130111524163569,1.7267579972876106,269,21718.29147209976
5,2.0,0.03,0.0015,False,0.1640417682847639,-0.26467570857682654,1.0117048016624808,0.5109489051094891,1.8119182892783074,274,20762.37543357917
5,3.0,0.03,0.001,False,0.16360645288952402,-0.3307908834966081,0.8830647318610508,0.4344262295081967,1.784353980947437,244,20607.88095213709
2,3.0,0.03,0.0015,False,0.16359170090337094,-0.31085542443338465,0.9266123303489173,0.45,1.9967730912730346,220,20602.6646158027
3,1.5,0.03,0.001,False,0.162603914011189,-0.2778627660238706,1.0771000507882527,0.5785953177257525,1.5773433914070387,299,20256.22045366121
3,3.0,0.03,0.0015,True,0.16113067357023492,-0.4212685085789196,0.7674887030344966,0.384180790960452,1.699451046108644,354,19749.779072874004
5,1.5,0.03,0.001,False,0.1602679341741231,-0.26212351278054025,1.0476304532221177,0.5751633986928104,1.6577674562288949,306,19458.81237171236
2,1.5,0.03,0.001,False,0.15952859737104474,-0.20417814752993824,1.0755553041240564,0.5782312925170068,1.6357256375812377,294,19212.7087927844
3,3.0,0.03,0.001,False,0.1586475136434451,-0.31844937581264254,0.8701069896036709,0.4309623430962343,1.749487724642547,239,18923.28277343731
5,3.0,0.03,0.0015,False,0.1577729584459715,-0.33079088349660846,0.8680155629610927,0.4345991561181435,1.8459396044008223,237,18640.10027168159
3,1.5,0.03,0.0015,False,0.15704384949637729,-0.2778627660238705,1.062745916055018,0.578397212543554,1.6233631339077401,287,18407.095123154224
2,3.0,0.03,0.001,False,0.1563867483253385,-0.3281464105905969,0.8739121714746104,0.4391304347826087,1.8319449565356325,230,18199.474616246607
2,1.5,0.03,0.0015,False,0.15595752432856425,-0.20417814752993835,1.075696391551528,0.5800711743772242,1.6914372573272152,281,18065.058390455262
5,1.5,0.03,0.0015,False,0.15274979030321578,-0.26212351278054036,1.0195733738269654,0.5728813559322034,1.6894005103584901,295,17089.965848739062
2,3.0,0.03,0.0015,True,0.15083343056667298,-0.5525879345097664,0.7354406303414874,0.38372093023255816,1.6724100704238245,344,16531.508346009447
3,3.0,0.03,0.001,True,0.14902536495241758,-0.4218029486096715,0.7142941044498875,0.3774104683195592,1.5876929993848723,363,16020.537860315912
2,3.0,0.03,0.001,True,0.14830381614928623,-0.5260757152115223,0.7160731516996351,0.38028169014084506,1.5850214609658777,355,15820.842131997248
2,2.0,0.03,0.001,True,0.14714172713707696,-0.27855964093690333,0.7854872639211726,0.44878048780487806,1.4327776969565436,410,15504.185059463483
2,2.0,0.03,0.0015,True,0.14598239636335397,-0.31628054420561946,0.7928900347334104,0.44974874371859297,1.4599130478252886,398,15194.284824481594
5,2.0,0.03,0.001,True,0.14579097458082013,-0.29405854632046735,0.7752348389079742,0.44902912621359226,1.5196974574903206,412,15143.685362692471
3,2.0,0.03,0.001,True,0.1430765286434068,-0.27855964093690333,0.7619612312758729,0.44630071599045346,1.4139618351783991,419,14443.168722491107
3,2.0,0.03,0.0015,True,0.1430670028700458,-0.31628054420561935,0.7721160535681543,0.4474327628361858,1.4432289945439407,409,14440.765504374958
2,3.0,0.03,0.003,False,0.14180174175788252,-0.33588241895635296,0.8866439742966095,0.45,1.9230822772160077,200,14124.91187865488
5,2.0,0.03,0.0015,True,0.14169780067472626,-0.33867227876541883,0.7656966809668955,0.44801980198019803,1.5363901788422818,404,14099.258329135911
5,3.0,0.03,0.001,True,0.14036548343661592,-0.5310080709662699,0.6857991052955672,0.37777777777777777,1.5931268108031043,360,13774.325758840767
2,1.5,0.03,0.0015,True,0.13910782508328223,-0.32244265485132406,0.8068243832135956,0.5175644028103045,1.4218631441306948,427,13474.138152200521
2,1.5,0.03,0.001,True,0.13852921759066095,-0.34576599192314017,0.7926754291105098,0.5158371040723982,1.3901743539754008,442,13338.128589895472
5,3.0,0.03,0.0015,True,0.1346485026698565,-0.5581677697525858,0.6689828340003994,0.37677053824362605,1.6216596153572302,353,12459.059420807303
5,1.5,0.03,0.001,True,0.13372125730136863,-0.3711445903947055,0.7733813662988485,0.5135746606334841,1.4120302735760897,442,12257.31752178711
5,2.0,0.03,0.003,False,0.13318664993276275,-0.26467570857682676,0.8839753688530788,0.49800796812749004,1.7499595968966728,251,12142.416722798927
3,1.5,0.03,0.001,True,0.13273709614471185,-0.36646134237468353,0.7679670060160414,0.5123042505592841,1.3311225997426197,447,12046.58877022615
5,3.0,0.03,0.003,False,0.13228512574307616,-0.33079088349660846,0.7975530132593361,0.42857142857142855,1.729540192587715,217,11950.970167343146
2,3.0,0.03,0.003,True,0.13151105976519828,-0.6269427603233512,0.6969330231743734,0.3829113924050633,1.6311879815227033,316,11788.8817353583
3,1.5,0.03,0.0015,True,0.13137715150674212,-0.3438757912150059,0.7713000081510407,0.5127020785219399,1.3540128254692017,433,11761.054255121262
2,2.0,0.03,0.003,False,0.13033022674115924,-0.21445493971918372,0.9023876385023066,0.5,1.6674814099772994,238,11545.633584819594
5,1.5,0.03,0.0015,True,0.12832388225035185,-0.34872599627305045,0.754748702056674,0.5116279069767442,1.4234985019217847,430,11143.228778715215
3,3.0,0.03,0.003,False,0.12698496436335094,-0.29549228222516566,0.7918322995849254,0.4265402843601896,1.700098571656932,211,10882.138395145616
5,1.5,0.03,0.003,False,0.12529984494923618,-0.29214640983358997,0.899517146573075,0.5597014925373134,1.6379499614610373,268,10561.7921563903
2,1.5,0.03,0.003,False,0.12385982823432795,-0.2365587396251162,0.9296884576986064,0.562992125984252,1.601132999935832,254,10295.158753934315
3,2.0,0.03,0.003,False,0.11928618542581138,-0.2955528126201422,0.8174775578141811,0.48770491803278687,1.5812789793407975,244,9490.064952278331
2,2.0,0.02,0.001,False,0.11707658949481914,-0.13487049975644883,1.075050454678926,0.5183823529411765,1.7767868279921493,272,9122.892673611246
3,1.5,0.03,0.003,False,0.11660727659292891,-0.3072452605325904,0.8606308107045982,0.5538461538461539,1.5194351446303587,260,9046.663247696353
2,1.5,0.03,0.003,True,0.11437745715754999,-0.415548732589922,0.7137523656156548,0.5076530612244898,1.3836734856579698,392,8692.671604754787
3,2.0,0.02,0.001,False,0.11430080544163945,-0.17696518769980774,1.0340432237488721,0.5126353790613718,1.7107283207765906,277,8680.739978638172
5,2.0,0.02,0.001,False,0.11391764699142115,-0.18375378749054638,1.0232776720794623,0.5124555160142349,1.7800072911623586,281,8621.330313734456
3,3.0,0.02,0.0015,False,0.11378906989637882,-0.22448155470032816,0.9242082303510285,0.44155844155844154,1.899340277211361,231,8601.480815450832
2,2.0,0.02,0.0015,False,0.11352413670963002,-0.1348704997564486,1.0714447624152963,0.5190839694656488,1.811198761561586,262,8560.717709317736
2,2.0,0.03,0.003,True,0.11249621154691658,-0.39950814194171935,0.6664860427939981,0.4371584699453552,1.3893573748406232,366,8404.289801117691
3,3.0,0.03,0.003,True,0.11156538032099061,-0.5106884171393238,0.6072265897217981,0.36890243902439024,1.454852964167848,328,8264.983485339793
3,2.0,0.02,0.0015,False,0.11152527175907778,-0.17696518769980762,1.0314643290003218,0.5130111524163569,1.744846651241891,269,8259.030489970652
3,3.0,0.02,0.0015,True,0.1108057296444076,-0.30142044152764547,0.7612586583449008,0.384180790960452,1.6404819174184562,354,8152.924027905991
5,3.0,0.02,0.001,False,0.11068174381240636,-0.23305095134534748,0.8764108374719359,0.4344262295081967,1.8008607859112822,244,8134.771891057067
2,3.0,0.02,0.0015,False,0.1103003476506823,-0.21523044591114027,0.9203507023519452,0.45,1.97235656275917,220,8079.1739928163815
5,2.0,0.02,0.0015,False,0.10988661815566192,-0.18375378749054638,1.008449116134725,0.5109489051094891,1.7956801807421514,274,8019.270940373934
5,2.0,0.03,0.003,True,0.10979558542302437,-0.3739189328115379,0.6450091601475528,0.4358288770053476,1.4668865623338982,374,8006.1472448586455
3,1.5,0.02,0.001,False,0.10825474501929055,-0.19355222982443332,1.0726907157532448,0.5785953177257525,1.638142035260631,299,7787.0839769657305
3,3.0,0.02,0.001,False,0.10750667786385049,-0.22448155470032827,0.8640324477229596,0.4309623430962343,1.764512863006248,239,7682.795088714939
5,1.5,0.02,0.001,False,0.10681971784064759,-0.18140191684931373,1.0430594000661315,0.5751633986928104,1.6912765413601045,306,7588.19499366691
5,3.0,0.02,0.0015,False,0.10681016795963827,-0.2330509513453477,0.8613171995990161,0.4345991561181435,1.8375468475886516,237,7586.887727237735
2,1.5,0.02,0.001,False,0.10626095273175351,-0.1398642729207692,1.0718525685245377,0.5782312925170068,1.6838248257627189,294,7512.065508057834
2,3.0,0.02,0.001,False,0.1058583992650326,-0.23134002737832837,0.8675933639688811,0.4391304347826087,1.8320315874725215,230,7457.669464541477
3,1.5,0.02,0.0015,False,0.10461229524896942,-0.19355222982443343,1.0582842714503073,0.578397212543554,1.6717107765167971,287,7291.648373610517
2,3.0,0.02,0.0015,True,0.10397240129060159,-0.40466479725643145,0.7289213787411681,0.38372093023255816,1.6201688343070475,344,7207.7642793403975
2,1.5,0.02,0.0015,False,0.10387512634838703,-0.1398642729207693,1.0719956813913463,0.5800711743772242,1.7265972645307561,281,7195.092997800999
3,3.0,0.02,0.001,True,0.10317705880857564,-0.3014204415276456,0.707926764441279,0.3774104683195592,1.5498578768588125,363,7104.779773614507
2,3.0,0.02,0.001,True,0.10254229969772033,-0.3846784759834012,0.709425763564502,0.38028169014084506,1.5536245568139275,355,7023.5928375425965
5,1.5,0.02,0.0015,False,0.10193453714272538,-0.18140191684931395,1.014956053234329,0.5728813559322034,1.70695920657808,295,6946.685254014078
2,2.0,0.02,0.001,True,0.10056606805879853,-0.1898914219933372,0.7822015855945063,0.44878048780487806,1.4333200253142229,410,6776.4342567834665
5,1.5,0.03,0.003,True,0.10027946515936903,-0.3747092076135632,0.6385511616232754,0.4987405541561713,1.3711776121507735,397,6741.283594694319
5,3.0,0.03,0.003,True,0.0996926542387655,-0.5660773100115258,0.553443204020338,0.36585365853658536,1.4363054189953521,328,6669.853273913857
5,2.0,0.02,0.001,True,0.0996840330892319,-0.20190242622031151,0.7712826123358945,0.44902912621359226,1.491220564478665,412,6668.809231996433
2,2.0,0.02,0.0015,True,0.09968131925290447,-0.21863027726372886,0.7899479880552577,0.44974874371859297,1.4529728263392292,398,6668.480612025113
3,2.0,0.02,0.001,True,0.09806160711387091,-0.1898914219933373,0.7585931848119118,0.44630071599045346,1.4125027091373228,419,6475.069048220646
3,2.0,0.02,0.0015,True,0.09793757395244462,-0.21863027726372863,0.7690608603162222,0.4474327628361858,1.4342009449393849,409,6460.479884074134
5,3.0,0.02,0.001,True,0.09741859984730405,-0.39058915205091516,0.679146278778153,0.37777777777777777,1.5546477788524344,360,6399.77451101447
5,2.0,0.02,0.0015,True,0.09696064277710681,-0.2347121775642751,0.7619979683190572,0.44801980198019803,1.4983789483830332,404,6346.65680927256
2,3.0,0.02,0.003,False,0.09593829787267327,-0.23493595075035756,0.8828813955791384,0.45,1.9136696292306843,200,6229.58367915075
3,2.0,0.03,0.003,True,0.09502520987766161,-0.37776989050888354,0.5753158257601708,0.4270557029177719,1.3146452264111026,377,6126.758962084684
2,1.5,0.02,0.0015,True,0.09429530628135763,-0.22452223084299405,0.8021106957793271,0.5175644028103045,1.4256632368579083,427,6045.724631945712
2,1.5,0.02,0.001,True,0.09405220991914098,-0.24231824425425774,0.7878764688876213,0.5158371040723982,1.4001211068609882,442,6018.962690167076
5,3.0,0.02,0.0015,True,0.0935932562011903,-0.41123367656397414,0.6623200914883948,0.37677053824362605,1.5664715187271014,353,5968.7439727821675
3,1.5,0.03,0.003,True,0.09257169216065653,-0.39523178677187765,0.59899569041988,0.49373433583959897,1.2687506117269216,399,5858.389563539837
2,3.0,0.02,0.003,True,0.09100130543712659,-0.4693903852222774,0.6927771494235817,0.3829113924050633,1.5868570612320443,316,5692.5204916366065
5,1.5,0.02,0.001,True,0.0909346033706826,-0.26218379063592323,0.7686088284088398,0.5135746606334841,1.4125773701858995,442,5685.574937371939
3,1.5,0.02,0.001,True,0.09036477593358794,-0.25829671604703586,0.7634682705527678,0.5123042505592841,1.349638928705161,447,5626.567181811388
5,3.0,0.02,0.003,False,0.09003952852165797,-0.23305095134534748,0.7927717787712116,0.42857142857142855,1.7464441210290564,217,5593.147873525209
5,2.0,0.02,0.003,False,0.08985935213765273,-0.1837537874905465,0.8814575651795874,0.49800796812749004,1.733226400944573,251,5574.71592175896
3,1.5,0.02,0.0015,True,0.08937200774767229,-0.2408759962153787,0.7668539780618389,0.5127020785219399,1.3676328292118802,433,5525.14950128776
2,2.0,0.02,0.003,False,0.0878970744029719,-0.14718070412205786,0.9009098697213576,0.5,1.6810906498307816,238,5377.6763253598465
5,1.5,0.02,0.0015,True,0.08736467673875836,-0.2448543682797426,0.7499492078396662,0.5116279069767442,1.4168548150401643,430,5325.368267503211
3,3.0,0.02,0.003,False,0.0865837478819238,-0.20726006860790347,0.7885710861544968,0.4265402843601896,1.7128024584488886,211,5249.515661552638
5,1.5,0.02,0.003,False,0.08413046797752188,-0.2039120946227525,0.8957442742327428,0.5597014925373134,1.6558175555786645,268,5017.8456326724845
2,1.5,0.02,0.003,False,0.08310146285392417,-0.16351667148407667,0.9270915455805689,0.562992125984252,1.6375613125976392,254,4923.594073951757
3,2.0,0.02,0.003,False,0.08083795238873015,-0.20730632690842077,0.815146146773143,0.48770491803278687,1.5972388697929218,244,4722.151931845526
3,1.5,0.02,0.003,False,0.07847531594150059,-0.2157282928342259,0.8571139951998045,0.5538461538461539,1.559481847291135,260,4520.251460014321
3,3.0,0.02,0.003,True,0.07826829679294911,-0.3620520906374456,0.603678284156339,0.36890243902439024,1.4407623462304207,328,4502.956779689837
2,1.5,0.02,0.003,True,0.07809556637222292,-0.29452921862103976,0.7100877008914959,0.5076530612244898,1.388127098188261,392,4488.574750052723
2,2.0,0.02,0.003,True,0.07772303367092581,-0.2783669906632136,0.6644145011641936,0.4371584699453552,1.3866232265528309,366,4457.705005622453
5,2.0,0.02,0.003,True,0.07602525880168454,-0.2574657411372482,0.6422097588193749,0.4358288770053476,1.434224235479221,374,4319.555774673954
5,3.0,0.02,0.003,True,0.07042109191613721,-0.4128534524092816,0.5486218964484211,0.36585365853658536,1.4209936316380778,328,3891.839454918384
5,1.5,0.02,0.003,True,0.0689844595173299,-0.26520991724314935,0.6346908582794656,0.4987405541561713,1.3649055221960849,397,3788.8560572477772
3,2.0,0.02,0.003,True,0.06649452433646985,-0.2600688270596413,0.5731207039889342,0.4270557029177719,1.316072961008777,377,3616.4713141626794
3,1.5,0.02,0.003,True,0.06401598566514388,-0.28128765113207577,0.5955442019375361,0.49373433583959897,1.2838690154740888,399,3452.292296307348
2,2.0,0.01,0.001,False,0.058538047113424474,-0.06971991682576739,1.0722087317283475,0.5183823529411765,1.808898738244562,272,3114.1900863855867
3,3.0,0.01,0.0015,False,0.057451652100191763,-0.11877145342421858,0.9180544155060574,0.44155844155844154,1.8805327218187775,231,3050.9860783735417
3,2.0,0.01,0.001,False,0.05724385532792531,-0.09207128304354606,1.0304468324432556,0.5126353790613718,1.753705860548484,277,3039.0365875691446
5,2.0,0.01,0.001,False,0.05707307125567418,-0.09566925070507915,1.0196409611622346,0.5124555160142349,1.784372626656924,281,3029.2488347326457
3,3.0,0.01,0.0015,True,0.05691783816499574,-0.1616885590306797,0.7548704572983727,0.384180790960452,1.5754331866739066,354,3020.378304540425
2,2.0,0.01,0.0015,False,0.05679136254844086,-0.0697199168257675,1.0689539644388362,0.5190839694656488,1.8280696907939509,262,3013.1693182789604
5,3.0,0.01,0.001,False,0.056030806804803435,-0.1231726992369484,0.8696128588740745,0.4344262295081967,1.7999576561215174,244,2970.1618598815353
3,2.0,0.01,0.0015,False,0.055876338179837726,-0.09207128304354606,1.028164543088994,0.5130111524163569,1.7727417318971577,269,2961.498596308842
2,3.0,0.01,0.0015,False,0.05566863684531964,-0.11176580613828935,0.9139245127752309,0.45,1.9292595234443102,220,2949.8876445200476
5,2.0,0.01,0.0015,False,0.05511209605238099,-0.09566925070507892,1.0051287775241935,0.5109489051094891,1.7853551121202578,274,2918.9886090795453
3,3.0,0.01,0.001,False,0.05451201041842246,-0.11877145342421824,0.8578235185291949,0.4309623430962343,1.768209517900806,239,2886.0165406330552
5,3.0,0.01,0.0015,False,0.054112298476331366,-0.12317269923694851,0.8544702594127132,0.4345991561181435,1.8145828706449585,237,2864.250773826819
3,1.5,0.01,0.001,False,0.05398211758839766,-0.10112291796886563,1.0681897532185753,0.5785953177257525,1.715639836499907,299,2857.1956785795483
2,3.0,0.01,0.001,False,0.053625383719958286,-0.12259822712196844,0.8611206704322208,0.4391304347826087,1.8158162647497955,230,2837.9471440866296
2,3.0,0.01,0.0015,True,0.05353589533821301,-0.22319768628270276,0.7222329979362971,0.38372093023255816,1.5596154133523863,344,2833.1379198528066
3,3.0,0.01,0.001,True,0.053332735013697175,-0.1616885590306797,0.7014101665795374,0.3774104683195592,1.5063818329465448,363,2822.2485365592984
5,1.5,0.01,0.001,False,0.05332323934536598,-0.0941117122389129,1.0383987714150904,0.5751633986928104,1.7307639270778112,306,2821.7405430386975
2,1.5,0.01,0.001,False,0.05301512210396875,-0.07183152829590544,1.0680784694447376,0.5782312925170068,1.741666868371231,294,2805.3041284954934
2,3.0,0.01,0.001,True,0.05294484677425171,-0.21071820511807526,0.7026164240022693,0.38028169014084506,1.5145242107438852,355,2801.568071741228
3,1.5,0.01,0.0015,False,0.05219782414287044,-0.10112291796886574,1.0537295798707618,0.578397212543554,1.736457522263208,287,2762.14506034055
2,1.5,0.01,0.0015,False,0.051824829080086676,-0.071831528295905,1.0682211581997547,0.5800711743772242,1.7737625312383825,281,2742.6586076152685
2,2.0,0.01,0.001,True,0.05137150770083432,-0.09672723322420262,0.7788366511410267,0.44878048780487806,1.4367813346750755,410,2719.1514351712194
5,1.5,0.01,0.0015,False,0.05094872495956282,-0.09411171223891213,1.0102490487885791,0.5728813559322034,1.7327453358841438,295,2697.4004440754607
5,2.0,0.01,0.001,True,0.05094121230444304,-0.10365706937219121,0.767237509057463,0.44902912621359226,1.464464150790546,412,2697.015437632364
2,2.0,0.01,0.0015,True,0.05087983577868527,-0.11303849885813366,0.7869280523017412,0.44974874371859297,1.4509806791594433,398,2693.8719853674975
5,3.0,0.01,0.001,True,0.050477003704316514,-0.21558963356519012,0.6723404650031428,0.37777777777777777,1.5044394732509732,360,2673.32680814541
3,2.0,0.01,0.001,True,0.05022128974432172,-0.09672723322420251,0.7551382523255353,0.44630071599045346,1.4148926596097466,419,2660.362250967683
3,2.0,0.01,0.0015,True,0.050105126819824486,-0.11303849885813388,0.7659202371352217,0.4474327628361858,1.4304641487685699,409,2654.4926028445348
5,2.0,0.01,0.0015,True,0.0495892898909156,-0.12159114176211494,0.7582101338620875,0.44801980198019803,1.465161610067532,404,2628.5759328905683
2,3.0,0.01,0.003,False,0.04859404070592954,-0.12308163193956068,0.8790065791712376,0.45,1.887106374050617,200,2579.2503726858654
5,3.0,0.01,0.0015,True,0.048568585060193126,-0.22689871710799592,0.6555012940098324,0.37677053824362605,1.504034172501064,353,2578.0003717467016
2,1.5,0.01,0.0015,True,0.04781492323427505,-0.11708293637089984,0.7972763460488512,0.5175644028103045,1.4343175106830333,427,2541.2514225805567
2,1.5,0.01,0.001,True,0.04775966399734943,-0.12721372575668444,0.7829602662285124,0.5158371040723982,1.4133065587088147,442,2538.576625604197
2,3.0,0.01,0.003,True,0.04704329312918043,-0.2627762324363051,0.6885085651620045,0.3829113924050633,1.5349266997720776,316,2504.142199469152
5,1.5,0.01,0.001,True,0.046248492335796865,-0.138815863331477,0.7637239921627924,0.5135746606334841,1.414638922582302,442,2466.4571514744466
3,1.5,0.01,0.001,True,0.046004922721688546,-0.13641666007466602,0.7588566794664723,0.5123042505592841,1.3748791500203377,447,2455.016695988805
5,3.0,0.01,0.003,False,0.04586555714014451,-0.12317269923694874,0.7878794396096995,0.42857142857142855,1.7444038318301578,217,2448.493391520239
3,1.5,0.01,0.0015,True,0.04547097259234034,-0.12639269293397992,0.7622927173368614,0.5127020785219399,1.3884983559903599,433,2430.1132017543364
5,2.0,0.01,0.003,False,0.04539006386358757,-0.09566925070507915,0.8788970433217267,0.49800796812749004,1.714568549325552,251,2426.360610477801
5,1.5,0.01,0.0015,True,0.04448469743243999,-0.12881974473012536,0.745037116999271,0.5116279069767442,1.4133962749569253,430,2384.7429067642647
2,2.0,0.01,0.003,False,0.044385531865586136,-0.07572766317036728,0.899396525462006,0.5,1.6984523950310941,238,2380.2259132867925
3,3.0,0.01,0.003,False,0.04418117700148971,-0.10909443502938176,0.7852353297600555,0.4265402843601896,1.7139424322688461,211,2370.9431632895053
5,1.5,0.01,0.003,False,0.04230720983465197,-0.10674061132223711,0.8919086620151649,0.5597014925373134,1.6733423920175081,268,2287.407517509161
2,1.5,0.01,0.003,False,0.04176232334764762,-0.08477103322144675,0.9244445753130808,0.562992125984252,1.6789124728698375,254,2263.647754811085
3,2.0,0.01,0.003,False,0.041010016194272136,-0.10912092463972911,0.812770719085283,0.48770491803278687,1.6154740292058627,244,2231.2284494736246
3,3.0,0.01,0.003,True,0.04097664119185218,-0.1902249483456615,0.6000459550398645,0.36890243902439024,1.420275963113685,328,2229.800481456264
2,2.0,0.01,0.003,True,0.04012402742061427,-0.14460111905562145,0.6622842993761473,0.4371584699453552,1.3861872251806826,366,2193.613920657333
2,1.5,0.01,0.003,True,0.039882630055581236,-0.15621755816324245,0.7063266680720903,0.5076530612244898,1.3951514399124334,392,2183.4703228364
3,1.5,0.01,0.003,False,0.039553556448126415,-0.11365407452608423,0.8535340841027689,0.5538461538461539,1.6057197794537965,260,2169.714290438147
5,2.0,0.01,0.003,True,0.03932706517828444,-0.13197930622337084,0.6393479165327717,0.4358288770053476,1.4028397147259313,374,2160.2943082254747
5,3.0,0.01,0.003,True,0.03710360565497384,-0.22429289128221053,0.543684099309404,0.36585365853658536,1.395517003438046,328,2069.8581936018504
5,1.5,0.01,0.003,True,0.035479068053017704,-0.14072183699477192,0.6307477774605117,0.4987405541561713,1.3590166836800661,397,2006.0687208939742
3,2.0,0.01,0.003,True,0.034732058945037725,-0.13565091369690074,0.5708667519201074,0.4270557029177719,1.3185032932347718,377,1977.3674113981208
3,1.5,0.01,0.003,True,0.03308421746505252,-0.15012270968690955,0.5920097384158625,0.49373433583959897,1.3021820597848415,399,1915.427787122053
