entry_date,exit_date,direction,entry,exit,stop,target,bars_held,pnl_$,pnl_%_equity,exit_reason
2006-08-18,2006-09-18,long,1562.6199951171875,1632.1700439453125,1520.83394077846,1646.1921037946427,20,48.8110901416193,4.88110901416193,timeout
2006-09-18,2006-09-19,long,1627.5400390625,1615.441127232143,1615.441127232143,1651.7378627232142,1,-35.69690022739225,-3.403558616315942,stop
2006-09-19,2006-10-04,long,1611.97998046875,1673.9035121372767,1581.0182146344866,1673.9035121372767,11,59.204461229370935,5.8438092979808465,target
2006-10-11,2006-11-08,long,1676.0799560546875,1756.1099068777903,1636.064980643136,1756.1099068777903,20,62.99165469119192,5.874341048158872,target
2006-11-17,2006-11-24,long,1790.9599609375,1820.4870256696427,1776.1964285714287,1820.4870256696427,4,63.986893128969015,5.636070843373491,target
2006-11-27,2006-12-01,long,1786.7099609375,1760.1861136300224,1760.1861136300224,1839.7576555524552,4,-38.40254202889491,-3.2020871942397804,stop
2007-01-17,2007-01-18,long,1830.3399658203125,1805.6185389927455,1805.6185389927455,1879.7828194754466,1,-37.40537035053182,-3.222115816201105,stop
2007-02-20,2007-02-27,long,1813.0699462890625,1780.2996172223773,1780.2996172223773,1878.610604422433,5,-35.56944289971814,-3.1659797137770203,stop
2007-03-23,2007-03-29,long,1793.3800048828125,1760.9964120047434,1760.9964120047434,1858.1471906389506,4,-34.44504178683773,-3.1661378351347786,stop
2007-03-29,2007-04-03,long,1757.93994140625,1794.914794921875,1739.4525146484375,1794.914794921875,3,60.2032909237192,5.714734782005824,target
2007-04-11,2007-04-20,long,1795.0,1846.4370465959819,1769.281476702009,1846.4370465959819,7,64.48884230583448,5.790617838450286,target
2007-04-24,2007-04-25,long,1844.800048828125,1871.1043962751114,1831.6478751046318,1871.1043962751114,1,65.73232060008694,5.579202627425876,target
2007-04-27,2007-05-25,long,1884.260009765625,1889.25,1854.865713936942,1943.048601422991,20,3.942821631854183,0.3169727462814879,timeout
2007-06-05,2007-06-07,long,1919.27001953125,1893.8975612095423,1893.8975612095423,1970.0149361746653,2,-40.26700908077131,-3.2269315012990916,stop
2007-06-19,2007-06-26,long,1937.989990234375,1903.3242885044642,1903.3242885044642,2007.3213936941966,5,-38.25254068639898,-3.1677153405403766,stop
2007-07-10,2007-07-12,long,1973.4000244140625,2010.9608764648438,1954.6195983886719,2010.9608764648438,2,66.47326737600265,5.684767530553447,target
2007-07-20,2007-07-24,long,2024.300048828125,2011.4418116978236,2011.4418116978236,2050.016523088728,2,-42.910493899081544,-3.4722964808428616,stop
2007-09-05,2007-09-07,long,1989.280029296875,1961.886021205357,1961.886021205357,2044.0680454799108,2,-38.38528379560005,-3.2178520232582706,stop
2007-09-14,2007-09-18,long,1983.43994140625,2022.8841727120534,1963.7178257533483,2022.8841727120534,2,65.78678226781841,5.69829201243208,target
2007-09-20,2007-10-05,long,2032.0799560546875,2137.4127894810267,1979.413539341518,2137.4127894810267,11,71.80470233753205,5.884248060744948,target
2007-10-11,2007-10-31,long,2144.219970703125,2238.9035382952006,2096.878186907087,2238.9035382952006,14,75.76983484575933,5.864122992495949,target
2007-11-30,2007-12-18,long,2082.18994140625,2007.4346575055804,2007.4346575055804,2231.700509207589,12,-42.17882838348102,-3.0835602448185315,stop
2008-03-27,2008-04-24,long,1800.7099609375,1924.5799560546875,1727.250732421875,1947.62841796875,20,66.08772760372068,4.985185154658362,timeout
2008-04-24,2008-05-14,long,1890.800048828125,2012.0143694196427,1830.1928885323662,2012.0143694196427,14,82.2036159732835,5.906407095815024,target
2008-06-03,2008-06-05,long,1981.25,2047.2563389369425,1948.2468305315288,2047.2563389369425,2,85.7838581684736,5.8199036608990475,target
2008-11-05,2008-11-06,long,1301.0,1261.0392325265068,1261.0392325265068,1380.9215349469864,1,-48.31615908623536,-3.0976707968031123,stop
2008-11-06,2008-11-12,long,1272.18994140625,1192.3896004813057,1192.3896004813057,1431.7906232561386,4,-46.066115899707825,-3.047826485200212,stop
2008-12-11,2009-01-12,long,1196.9100341796875,1201.1300048828125,1138.5703778948102,1313.589346749442,20,2.277997056475386,0.1554548412584124,timeout
2009-01-12,2009-01-14,long,1199.530029296875,1172.601841517857,1172.601841517857,1253.3864048549108,2,-45.990924363968546,-3.1336365490846214,stop
2009-02-11,2009-02-17,long,1210.97998046875,1184.1296691894531,1184.1296691894531,1264.6806030273438,3,-44.57343375571713,-3.135303457141201,stop
2009-03-16,2009-03-18,long,1149.5899658203125,1219.1448538643972,1114.8125217982702,1219.1448538643972,2,81.25972845802808,5.900833140719741,target
2009-03-20,2009-03-23,long,1180.3399658203125,1226.7671334402903,1157.1263820103236,1226.7671334402903,1,85.2763504329253,5.847459146056662,target
2009-04-06,2009-04-30,long,1294.1600341796875,1415.1614903041295,1233.6593061174665,1415.1614903041295,17,91.62692705644663,5.935827547421475,target
2009-05-01,2009-05-04,long,1384.3699951171875,1427.5770263671875,1362.7664794921875,1427.5770263671875,1,94.9714782464428,5.807757679007324,target
2009-05-28,2009-06-01,long,1398.4200439453125,1472.8101283482142,1361.2250017438616,1472.8101283482142,2,101.86187977233652,5.887209157900288,target
2009-06-03,2009-06-23,long,1466.280029296875,1418.2388741629463,1418.2388741629463,1562.3623395647323,14,-56.640093758732235,-3.0915639949877884,stop
2009-07-02,2009-07-07,long,1446.969970703125,1409.4297136579241,1409.4297136579241,1522.0504847935267,2,-55.31636925692153,-3.1156334626820117,stop
2009-08-26,2009-09-01,long,1629.77001953125,1604.323207310268,1604.323207310268,1680.6636439732142,4,-54.908897724894246,-3.1921384107421624,stop
2009-09-21,2009-09-25,long,1714.3299560546875,1691.6270969935827,1691.6270969935827,1759.7356741768972,4,-53.728906926123216,-3.2265348982840303,stop
2009-10-22,2009-10-23,long,1742.8900146484375,1775.9935651506698,1726.3382393973213,1775.9935651506698,1,91.59880442721621,5.6841021603653825,target
2009-11-12,2009-11-16,long,1772.469970703125,1812.4605712890625,1752.4746704101562,1812.4605712890625,2,97.65632046234204,5.734067014038334,target
2009-11-19,2009-12-18,long,1763.8900146484375,1807.3599853515625,1719.8503199986048,1851.9694039481028,20,51.15980314032986,2.8410333691063663,timeout
2009-12-31,2010-01-21,long,1868.1400146484373,1843.833945138114,1843.833945138114,1916.752153669084,13,-59.82725205978406,-3.2305769775555437,stop
2010-02-22,2010-02-23,long,1813.0799560546875,1797.7899562290736,1797.7899562290736,1843.6599557059153,1,-60.13747776259062,-3.355738386540215,stop
2010-02-23,2010-03-02,long,1799.25,1857.0258091517858,1770.362095424107,1857.0258091517858,5,100.6803226683191,5.813148441216312,target
2010-03-03,2010-03-10,long,1847.030029296875,1920.6430315290177,1810.2235281808037,1920.6430315290177,5,107.19835357494226,5.849453495445913,target
2010-03-19,2010-03-23,long,1930.9100341796875,1961.4044102260045,1915.662846156529,1961.4044102260045,2,109.01941492712776,5.620078791332497,target
2010-04-13,2010-04-14,long,1990.780029296875,2022.8228934151784,1974.7585972377233,2022.8228934151784,1,115.2928692658019,5.627228073880005,target
2010-04-16,2010-04-19,long,2012.97998046875,1990.6050589425224,1990.6050589425224,2057.729823521205,1,-70.76491333134221,-3.2698977037451273,stop
2010-04-21,2010-04-28,long,2027.52001953125,1995.5564444405693,1995.5564444405693,2091.4471697126114,5,-66.7846297456554,-3.190296612357583,stop
2010-06-21,2010-06-24,long,1888.219970703125,1856.7399379185267,1856.7399379185267,1951.1800362723216,3,-64.44420858035983,-3.1799445366169006,stop
2010-06-24,2010-06-29,long,1844.1600341796875,1811.4275599888392,1811.4275599888392,1909.624982561384,3,-62.18058631133736,-3.1690211399933186,stop
2010-09-10,2010-09-15,long,1882.7900390625,1939.7657470703125,1854.3021850585938,1939.7657470703125,3,110.230377193596,5.801727075812274,target
2010-09-28,2010-10-12,long,1980.469970703125,2044.669921875,1948.3699951171875,2044.669921875,10,116.89062851608679,5.814909207759266,target
2010-10-14,2010-10-18,long,2048.050048828125,2100.861572265625,2021.644287109375,2100.861572265625,2,122.67540606753998,5.767317822075111,target
2010-10-21,2010-11-04,long,2091.14990234375,2179.9239589146205,2046.7628740583148,2179.9239589146205,10,131.8055691879242,5.858664795789229,target
2010-11-08,2010-11-12,long,2179.06005859375,2141.9878365652903,2141.9878365652903,2253.2045026506694,4,-75.64635499502312,-3.1763363461397804,stop
2010-11-29,2010-12-02,long,2121.110107421875,2174.4166085379466,2094.456856863839,2174.4166085379466,3,132.84956353866852,5.761254999332636,target
2011-01-04,2011-01-05,long,2237.7900390625,2266.724591936384,2223.322762625558,2266.724591936384,1,135.00899604241818,5.535961717020561,target
2011-01-10,2011-01-12,long,2268.590087890625,2299.035906110491,2253.367178780692,2299.035906110491,2,142.91965863100768,5.552925776898247,target
2011-02-03,2011-03-04,long,2316.219970703125,2359.9599609375,2272.253932407924,2404.152047293527,20,76.78810019407001,2.8265296490127443,timeout
2011-04-08,2011-04-18,long,2314.02001953125,2262.761544363839,2262.761544363839,2416.5369698660716,6,-87.58767593337402,-3.135432434069115,stop
2011-05-04,2011-05-16,long,2375.1201171875,2348.0574340820312,2348.0574340820312,2429.2454833984375,8,-88.30113802660178,-3.2632909798261145,stop
2011-07-11,2011-08-02,long,2357.31005859375,2310.2201189313614,2310.2201189313614,2451.489937918527,16,-82.4588114425212,-3.1501792150612946,stop
2011-09-26,2011-10-03,long,2187.719970703125,2126.5960606166295,2126.5960606166295,2309.967790876116,5,-78.77605934996922,-3.107374673884932,stop
2011-10-25,2011-10-26,long,2341.14990234375,2292.4747314453125,2292.4747314453125,2438.500244140625,1,-77.23501910958379,-3.1442922454588995,stop
2011-10-26,2011-10-27,long,2305.31005859375,2406.130911690848,2254.899632045201,2406.130911690848,1,139.48329906661633,5.862807545000225,target
2011-11-07,2011-11-08,long,2331.4599609375,2387.135515485491,2303.6221836635045,2387.135515485491,1,144.78815278778652,5.748745030396294,target
2012-01-04,2012-01-18,long,2315.280029296875,2411.920148577009,2266.959969656808,2411.920148577009,9,155.975026889294,5.856253486861776,target
2012-01-23,2012-02-03,long,2433.030029296875,2517.265659877232,2390.9122140066966,2517.265659877232,9,164.27604971016223,5.826698273934623,target
2012-02-06,2012-02-15,long,2514.989990234375,2577.5370047433034,2483.716482979911,2577.5370047433034,7,171.82035954275568,5.758742442626862,target
2012-03-12,2012-03-14,long,2639.60009765625,2717.178170340402,2600.811061314174,2717.178170340402,2,182.88595210241613,5.795849522449236,target
2012-03-28,2012-04-10,long,2778.909912109375,2722.0045776367188,2722.0045776367188,2892.7205810546875,8,-105.04124263386068,-3.1465017263071187,stop
2012-04-30,2012-05-04,long,2723.159912109375,2689.05118233817,2689.05118233817,2791.3773716517853,4,-104.74345562000104,-3.239512869319011,stop
2012-06-20,2012-06-25,long,2605.159912109375,2551.9575544084823,2551.9575544084823,2711.5646275111603,3,-98.45285513065768,-3.146901003528214,stop
2012-06-25,2012-07-05,long,2531.949951171875,2652.0262974330353,2471.911778041295,2652.0262974330353,7,177.97314348653308,5.873482994943982,target
2012-07-06,2012-07-12,long,2604.89990234375,2545.3975132533483,2545.3975132533483,2723.9046805245534,4,-100.45588405046729,-3.131334217440554,stop
2012-07-20,2012-07-23,long,2639.409912109375,2578.2635323660716,2578.2635323660716,2761.702671595982,1,-97.25315880904262,-3.1294962967483833,stop
2012-08-01,2012-08-16,long,2634.5,2748.647652762277,2577.4261736188614,2748.647652762277,11,176.45387162059097,5.861521462618952,target
2012-08-21,2012-09-14,long,2767.0400390625,2849.907470703125,2725.6063232421875,2849.907470703125,17,184.8251105666706,5.79965301318406,target
2012-09-20,2012-09-25,long,2846.169921875,2827.0252598353795,2827.0252598353795,2884.459245954241,3,-116.18723527433521,-3.445999503566805,stop
2012-09-25,2012-09-26,long,2839.47998046875,2785.682460239955,2785.682460239955,2947.0750209263397,1,-102.81884465853763,-3.158342613287346,stop
2012-09-27,2012-09-28,long,2784.81005859375,2819.405029296875,2767.5125732421875,2819.405029296875,1,173.93213929862605,5.5170147564237375,target
2012-10-04,2012-10-09,long,2817.47998046875,2765.9371948242188,2765.9371948242188,2920.5655517578125,3,-105.25267140052709,-3.163988807273614,stop
2012-12-20,2012-12-21,long,2690.989990234375,2647.7060546875,2647.7060546875,2777.557861328125,1,-102.64803225229772,-3.1865119210789037,stop
2012-12-27,2013-01-02,long,2614.239990234375,2680.5821358816966,2581.068917410714,2680.5821358816966,3,179.74728177530423,5.763567491096974,target
2013-01-04,2013-02-04,long,2723.669921875,2715.679931640625,2645.9896240234375,2879.030517578125,20,-13.64756836993214,-0.41375974806594407,timeout
2013-02-12,2013-02-21,long,2766.31005859375,2734.6009783063614,2734.6009783063614,2829.728219168527,6,-107.14037882410537,-3.2617209361030226,stop
2013-03-12,2013-04-10,long,2788.679931640625,2859.2099609375,2743.698992047991,2878.641810825893,20,143.56590352455154,4.518003624116879,timeout
2013-04-12,2013-04-15,long,2848.030029296875,2799.6475917271205,2799.6475917271205,2944.794904436384,1,-105.50126548147034,-3.176594866175817,stop
2013-04-15,2013-04-17,long,2811.85009765625,2770.8681117466517,2770.8681117466517,2893.8140694754466,2,-103.09021234561932,-3.205835566670113,stop
2013-04-17,2013-04-18,long,2776.1201171875,2734.2974853515625,2734.2974853515625,2859.765380859375,1,-99.5767546880603,-3.1991352525167027,stop
2013-05-07,2013-05-22,long,2947.469970703125,3045.810494559152,2898.2997087751114,3045.810494559152,11,175.3638569930261,5.820167524731618,target
2013-07-22,2013-08-19,long,3054.030029296875,3069.760009765625,2989.8925258091517,3182.3050362723216,20,18.90439504753965,0.5929113116421563,timeout
2013-09-12,2013-10-02,long,3173.110107421875,3255.9596121651784,3131.6853550502233,3255.9596121651784,14,185.06804339870186,5.7702018774461035,target
2013-10-03,2013-10-08,long,3231.679931640625,3179.9459490094864,3179.9459490094864,3335.147896902902,3,-108.1285970598403,-3.187401767693919,stop
2013-10-22,2013-11-19,long,3351.050048828125,3378.1298828125,3280.5379725864955,3492.074201311384,20,33.15651438536081,1.009562554401327,timeout
2013-12-02,2013-12-18,long,3481.31005859375,3440.7711181640625,3440.7711181640625,3562.387939453125,12,-108.06859269490509,-3.257627112723769,stop
2013-12-30,2014-01-06,long,3564.590087890625,3525.37247140067,3525.37247140067,3643.0253208705353,4,-105.03114512517918,-3.2726777203915716,stop
2014-01-08,2014-01-27,long,3552.300048828125,3486.7707083565847,3486.7707083565847,3683.3587297712056,12,-98.17753551178589,-3.162627917049046,stop
2014-02-20,2014-02-28,long,3643.7900390625,3707.230259486607,3612.0699288504466,3707.230259486607,6,170.0077999890566,5.655380449686028,target
2014-03-06,2014-03-13,long,3715.3798828125,3659.33309500558,3659.33309500558,3827.4734584263397,5,-101.60042130293874,-3.198872051094806,stop
2014-05-21,2014-06-04,long,3605.780029296875,3748.6749267578125,3534.3325805664062,3748.6749267578125,9,179.81701046248088,5.848597251824927,target
2014-06-12,2014-07-01,long,3782.1201171875,3873.5481828962056,3736.406084333147,3873.5481828962056,13,187.18356470426826,5.7517969944215475,target
2014-07-08,2014-07-14,long,3863.81005859375,3928.9417724609375,3831.2442016601562,3928.9417724609375,4,194.2422436943949,5.644061871320698,target
2014-07-15,2014-07-23,long,3890.77001953125,3985.2152273995534,3843.5474155970983,3985.2152273995534,6,209.15973040640066,5.752823667350706,target
2014-07-25,2014-07-31,long,3949.090087890625,3922.237051827567,3922.237051827567,4002.796160016741,4,-132.31148320421758,-3.4411892285047907,stop
2014-08-28,2014-09-08,long,4058.60009765625,4104.626063755581,4035.5871146065847,4104.626063755581,6,203.11450602607812,5.470916036104854,target
2014-11-04,2014-11-25,long,4143.2001953125,4285.314714704241,4072.1429356166295,4285.314714704241,15,228.09471662363512,5.825076274554677,target
2014-12-03,2014-12-08,long,4289.509765625,4267.493582589285,4267.493582589285,4333.542131696429,3,-148.53581078311868,-3.5845031936734744,stop
2015-01-26,2015-01-27,long,4258.47998046875,4174.449768066406,4174.449768066406,4426.5404052734375,1,-125.93310777038367,-3.1520338884809243,stop
2015-02-24,2015-03-06,long,4430.8701171875,4396.463954380581,4396.463954380581,4499.682442801339,8,-131.02995908475486,-3.386343877582571,stop
2015-03-10,2015-03-20,long,4351.02001953125,4477.315638950893,4287.872209821428,4477.315638950893,8,216.5726443411651,5.793293542268916,target
2015-04-22,2015-04-27,long,4430.97998046875,4557.348423549107,4367.795758928572,4557.348423549107,3,228.9738958435381,5.789616147554286,target
2015-04-27,2015-04-30,long,4517.8798828125,4443.882672991072,4443.882672991072,4665.874302455357,3,-133.17977765622726,-3.183164198773783,stop
2015-05-27,2015-06-08,long,4482.5498046875,4437.1307373046875,4437.1307373046875,4573.387939453125,8,-133.5143025045464,-3.296079382271759,stop
2015-06-25,2015-06-29,long,4511.2099609375,4460.104963030134,4460.104963030134,4613.419956752232,2,-127.88908023818048,-3.2648200848641826,stop
2015-07-23,2015-07-27,long,4624.68017578125,4518.1865234375,4518.1865234375,4837.66748046875,2,-118.61562526631016,-3.1302804460359748,stop
2015-07-27,2015-07-31,long,4517.39990234375,4616.308663504464,4467.945521763393,4616.308663504464,4,210.18195822566543,5.725965636451341,target
2015-08-07,2015-08-20,long,4500.66015625,4406.916974748884,4406.916974748884,4688.146519252232,9,-122.01557180384128,-3.1440316005126117,stop
2015-09-22,2015-09-28,long,4242.47021484375,4169.25652204241,4169.25652204241,4388.897600446429,4,-119.29978641699867,-3.173839211731421,stop
2015-10-06,2015-10-23,long,4290.25,4568.535435267857,4151.107282366072,4568.535435267857,13,215.00628810476798,5.907499650582779,target
2015-10-30,2015-11-03,long,4653.0,4720.822265625,4619.0888671875,4720.822265625,2,215.4065757238392,5.588365269978402,target
2015-11-12,2015-12-11,long,4606.66015625,4537.56005859375,4478.272356305803,4863.435756138393,20,-70.09629183375202,-1.7222841542078715,timeout
2015-12-31,2016-01-04,long,4605.35986328125,4529.3345947265625,4529.3345947265625,4757.410400390625,1,-127.26489647711298,-3.1817300991170505,stop
2016-02-19,2016-03-18,long,4125.830078125,4410.830078125,3973.5744018554688,4430.3414306640625,20,214.3197401028849,5.534260071026639,timeout
2016-03-24,2016-03-29,long,4376.8701171875,4437.253801618304,4346.678274972098,4437.253801618304,2,227.44091378022745,5.565094098668016,target
2016-03-31,2016-04-27,long,4481.83984375,4393.1419677734375,4393.1419677734375,4659.235595703125,19,-135.9708570156631,-3.1515878411203757,stop
2016-07-13,2016-07-28,long,4570.56005859375,4721.835553850446,4494.922310965402,4721.835553850446,11,243.12874831374307,5.818719083979673,target
2016-08-02,2016-08-04,long,4696.080078125,4746.798967633929,4670.720633370535,4746.798967633929,2,240.72769876099764,5.444457858964176,target
2016-08-25,2016-09-09,long,4770.22021484375,4733.685982840402,4733.685982840402,4843.288678850446,10,-158.12965415173974,-3.391705528207624,stop
2016-09-23,2016-10-13,long,4876.3701171875,4796.467476981027,4796.467476981027,5036.175397600446,14,-143.36992705439735,-3.1830866954303394,stop
2016-11-25,2016-12-01,long,4861.080078125,4807.069004603794,4807.069004603794,4969.102225167411,4,-142.59660892237042,-3.2700046357836117,stop
2016-12-01,2016-12-13,long,4757.25,4932.022147042411,4669.863926478794,4932.022147042411,8,246.19997359239602,5.836681642452595,target
2016-12-16,2016-12-30,long,4910.759765625,4857.351789202009,4857.351789202009,5017.575718470982,9,-146.2451412895655,-3.275844176910868,stop
2017-01-12,2017-01-25,long,5009.4501953125,5133.343715122768,4947.503435407366,5133.343715122768,8,248.61050823670905,5.757398924351296,target
2017-01-30,2017-02-15,long,5129.0,5274.343122209821,5056.32843889509,5274.343122209821,12,264.3336437098953,5.788266554811077,target
2017-02-27,2017-03-01,long,5330.47021484375,5388.829136439732,5301.290754045759,5388.829136439732,2,263.38701326075466,5.4519634630934535,target
2017-03-15,2017-03-21,long,5382.02001953125,5353.365530831473,5353.365530831473,5439.328996930804,4,-181.53889544666998,-3.5634740241838374,stop
2017-04-03,2017-04-11,long,5405.10009765625,5362.399152483259,5362.399152483259,5490.501988002232,6,-166.04319082882276,-3.379741015738106,stop
2017-05-05,2017-05-16,long,5625.490234375,5714.870012555804,5580.800345284598,5714.870012555804,7,266.88543556669663,5.622364900727636,target
2017-05-31,2017-06-08,long,5771.7099609375,5893.267299107143,5710.931291852678,5893.267299107143,6,286.54079268966296,5.715111730093204,target
2017-06-08,2017-06-09,long,5871.08984375,5795.924769810268,5795.924769810268,6021.419991629464,1,-171.4284289641427,-3.2343278414835654,stop
2017-06-28,2017-06-29,long,5661.58984375,5604.25115094866,5604.25115094866,5776.267229352679,1,-169.05814074525276,-3.2962182899791035,stop
2017-06-29,2017-07-12,long,5600.31005859375,5739.937779017857,5530.496198381697,5739.937779017857,8,285.65169838113775,5.759346781215792,target
2017-07-18,2017-07-24,long,5830.25,5950.012520926339,5770.368739536831,5950.012520926339,4,299.4052536022896,5.707909455066367,target
2017-07-31,2017-08-10,long,5895.5400390625,5835.7265625,5835.7265625,6015.1669921875,8,-182.7414227541595,-3.2956962399386116,stop
2017-09-05,2017-09-25,long,5945.9501953125,5841.360421316965,5841.360421316965,6155.129743303571,14,-170.00837605291304,-3.1705506179475913,stop
2017-10-10,2017-10-27,long,6037.02001953125,6139.027762276786,5986.016148158482,6139.027762276786,13,293.08930315451664,5.644908130086304,target
2017-11-02,2017-12-01,long,6202.52978515625,6337.8701171875,6041.395246233259,6524.798863002232,20,131.8796132608634,2.404285321618309,timeout
2017-12-01,2017-12-15,long,6291.83984375,6440.221958705357,6217.648786272322,6440.221958705357,10,322.7333450695521,5.745582282110899,target
2017-12-19,2018-01-12,long,6495.18017578125,6710.710972377232,6387.414777483259,6710.710972377232,16,345.648144282785,5.819185556448623,target
2018-01-24,2018-02-02,long,6926.3701171875,6813.33380998884,6813.33380998884,7152.442731584821,7,-200.11787467685588,-3.183826868256085,stop
2018-03-13,2018-03-19,long,7108.0400390625,6915.558977399553,6915.558977399553,7493.002162388393,4,-189.30166049796048,-3.1107855491493916,stop
2018-04-19,2018-04-23,long,6788.31982421875,6626.572248186384,6626.572248186384,7111.814976283482,2,-184.30438708407894,-3.12590580936175,stop
2018-04-30,2018-05-10,long,6619.259765625,6897.711251395089,6480.034022739956,6897.711251395089,8,334.5569779637901,5.857369916759781,target
2018-05-15,2018-06-05,long,6906.77001953125,7159.241978236607,6780.534040178572,7159.241978236607,14,352.85269755726546,5.8358605037577655,target
2018-06-07,2018-06-25,long,7137.1298828125,7049.264857700893,7049.264857700893,7312.859933035714,12,-207.56783661674208,-3.2436850114279325,stop
2018-07-16,2018-07-30,long,7348.9599609375,7220.649344308035,7220.649344308035,7605.581194196429,10,-196.38568344258707,-3.1718242843963527,stop
2018-09-04,2018-09-05,long,7583.52001953125,7525.362252371652,7525.362252371652,7699.835553850446,1,-203.30786870214644,-3.391186958676752,stop
2018-09-05,2018-09-06,long,7556.7099609375,7453.864676339285,7453.864676339285,7762.400530133929,1,-186.52325706321267,-3.220429453536716,stop
2018-11-09,2018-11-12,long,7057.7099609375,6852.760899135044,6852.760899135044,7467.608084542411,1,-173.95140638156678,-3.1033092305795504,stop
2019-01-22,2019-02-05,long,6665.0498046875,6987.616315569196,6503.766549246652,6987.616315569196,10,319.1504379392773,5.876024641495435,target
2019-02-07,2019-02-13,long,6857.31005859375,7026.061732700893,6772.934221540178,7026.061732700893,4,331.0124686994174,5.756186950030258,target
2019-02-21,2019-03-04,long,7009.72998046875,7192.703369140625,6918.2432861328125,7192.703369140625,7,350.91469001250493,5.7701393618596875,target
2019-03-04,2019-03-07,long,7111.77978515625,7030.185895647322,7030.185895647322,7274.967564174107,3,-209.7941233889091,-3.2614820727860283,stop
2019-03-28,2019-04-01,long,7293.85009765625,7442.129708426339,7219.710292271206,7442.129708426339,2,354.99547523836253,5.704860969362851,target
2019-04-04,2019-04-17,long,7520.39990234375,7690.899274553571,7435.15021623884,7690.899274553571,9,377.253044372185,5.735351521655259,target
2019-04-18,2019-04-23,long,7659.85009765625,7763.589181082589,7607.980555943081,7763.589181082589,2,386.48380329039014,5.556974102064711,target
2019-04-25,2019-05-02,long,7783.58984375,7688.0233154296875,7688.0233154296875,7974.722900390625,5,-238.1805426775582,-3.244340460427575,stop
2019-05-10,2019-05-13,long,7461.509765625,7328.170340401785,7328.170340401785,7728.188616071429,1,-225.02172527145743,-3.167876299597081,stop
2019-06-25,2019-07-01,long,7606.27978515625,7816.261056082589,7501.289149693081,7816.261056082589,4,397.7436229928542,5.7826583365763735,target
2019-07-25,2019-07-26,long,7926.990234375,8017.913190569196,7881.528756277902,8017.913190569196,1,398.4968159098728,5.47689842700818,target
2019-08-15,2019-09-13,long,7468.169921875,7892.9501953125,7208.352033342634,7987.805698939732,20,369.7947203322092,4.818514682028598,timeout
2019-09-18,2019-09-25,long,7835.89013671875,7680.297956194197,7680.297956194197,8147.074497767857,5,-253.4811461698369,-3.1510851659183894,stop
2019-10-14,2019-11-04,long,7831.10986328125,8190.865478515625,7651.2320556640625,8190.865478515625,15,457.27078777420996,5.869392840055946,target
2019-11-05,2019-12-04,long,8197.3203125,8296.5302734375,8071.658883231027,8448.643171037946,20,179.2138942912614,2.1728061145204243,timeout
2019-12-09,2019-12-16,long,8365.25,8538.132917131697,8278.808541434151,8538.132917131697,5,481.16910520083655,5.709679239379298,target
2019-12-24,2020-01-02,long,8690.150390625,8846.974888392859,8611.73814174107,8846.974888392859,5,504.8866553751045,5.667520680213291,target
2020-01-24,2020-01-27,long,9118.98046875,9037.18833705357,9037.18833705357,9282.564732142859,1,-313.8838670324399,-3.3344691089331793,stop
2020-04-21,2020-05-07,long,8500.5595703125,9078.84375,8211.41748046875,9078.84375,12,537.9399964146883,5.91180226052624,target
2020-05-12,2020-05-13,long,9126.9697265625,8967.22398158482,8967.22398158482,9446.461216517859,1,-305.6396793856645,-3.1714030579250383,stop
2020-05-13,2020-05-18,long,8950.8896484375,9364.426688058036,8744.121128627232,9364.426688058036,3,547.784552934112,5.870131734898751,target
2020-05-26,2020-05-27,long,9412.830078125,9275.066476004464,9275.066476004464,9688.357282366072,1,-316.63609645387805,-3.204977873688783,stop
2020-05-27,2020-06-05,long,9296.25,9758.330078125,9065.2099609375,9758.330078125,7,562.229103679614,5.8792904030263955,target
2020-06-18,2020-07-06,long,9952.5,10446.213309151786,9705.643345424107,10446.213309151786,11,595.2597674040387,5.87904923992713,target
2020-07-14,2020-08-03,long,10485.8203125,11045.89111328125,10205.784912109375,11045.89111328125,14,631.1791438174874,5.887666127590942,target
2020-08-10,2020-08-18,long,11002.5498046875,11380.658970424109,10813.495221819196,11380.658970424109,6,661.2734681648534,5.825406774523653,target
2020-10-02,2020-10-12,long,11305.7900390625,11827.376395089286,11044.996861049107,11827.376395089286,6,705.1456721116565,5.869945332253108,target
2020-10-14,2020-10-19,long,12032.75,11608.081019810268,11608.081019810268,12882.087960379464,3,-392.34950135933445,-3.0850032653288504,stop
2020-10-19,2020-10-26,long,11880.23046875,11469.220284598214,11469.220284598214,12702.250837053572,5,-380.4564711831088,-3.086714862016869,stop
2020-12-02,2020-12-07,long,12338.3603515625,12569.636160714286,12222.722446986607,12569.636160714286,3,678.4734729582616,5.679905294112325,target
2020-12-09,2020-12-14,long,12318.26953125,12503.287248883928,12225.760672433036,12503.287248883928,3,706.9896794670719,5.600526813687452,target
2020-12-18,2020-12-21,long,12685.98046875,12516.260567801339,12516.260567801339,13025.420270647322,1,-429.81107371259213,-3.2242397102138427,stop
2020-12-31,2021-01-04,long,12816.58984375,12660.067278180804,12660.067278180804,13129.634974888391,1,-418.715035577266,-3.245650008300254,stop
2021-01-11,2021-01-21,long,12939.73046875,13393.076381138391,12713.057512555804,13393.076381138391,7,727.5491240337158,5.8287436134507695,target
2021-01-25,2021-01-29,long,13297.7900390625,12907.82163783482,12907.82163783482,14077.726841517859,4,-409.80255335707625,-3.102298981126668,stop
2021-02-12,2021-02-18,long,13664.7001953125,13531.516357421875,13531.516357421875,13931.06787109375,3,-423.39316181862006,-3.3078008655945417,stop
2021-04-07,2021-05-05,long,13551.599609375,13503.3701171875,13209.535191127232,14235.728445870536,20,-67.060201405252,-0.5418373426270106,timeout
2021-06-01,2021-06-08,long,13614.5400390625,13907.066057477678,13468.277029854911,13907.066057477678,5,704.1894120042051,5.720752223419533,target
2021-06-25,2021-07-02,long,14337.650390625,14584.733677455359,14214.10874720982,14584.733677455359,5,735.5056704555532,5.6518343937896,target
2021-07-28,2021-08-23,long,14948.0400390625,15337.795828683036,14753.162144252232,15337.795828683036,18,793.3062510025175,5.769886060392599,target
2021-08-26,2021-09-20,long,15319.5498046875,15027.59681919643,15027.59681919643,15903.455775669641,16,-459.1639186572537,-3.1574179806271174,stop
2021-10-22,2021-11-01,long,15320.6201171875,15864.96533203125,15048.447509765625,15864.96533203125,6,821.2109657193106,5.8311297349614595,target
2021-11-09,2021-11-10,long,16302.0595703125,16072.488874162946,16072.488874162946,16761.20096261161,1,-478.8843896463854,-3.2130331942674313,stop
2021-12-29,2022-01-04,long,16458.490234375,16214.027866908482,16214.027866908482,16947.414969308036,4,-461.9025786183868,-3.2019757528114727,stop
2022-01-04,2022-01-05,long,16188.0302734375,15859.019984654018,15859.019984654018,16846.050851004464,1,-439.52065414114304,-3.147606602212589,stop
2022-01-05,2022-01-10,long,15947.5595703125,15523.226457868304,15523.226457868304,16796.22579520089,3,-420.97194194098233,-3.1127479268241864,stop
2022-01-11,2022-01-12,long,15518.58984375,15878.64892578125,15338.560302734375,15878.64892578125,1,752.3043743329089,5.741399276648662,target
2022-02-10,2022-02-11,long,14749.490234375,14231.23451450893,14231.23451450893,15786.001674107141,1,-427.49347954143667,-3.085379608959376,stop
2022-03-30,2022-04-06,long,15039.6103515625,14636.675955636161,14636.675955636161,15845.479143415178,5,-417.8749866024868,-3.111975625587784,stop
2022-06-01,2022-06-10,long,12482.3203125,12136.356201171875,12136.356201171875,13174.24853515625,7,-404.384737503855,-3.1082394378819944,stop
2022-06-30,2022-07-07,long,11446.98046875,12081.00537109375,11129.968017578125,12081.00537109375,4,742.6869393764918,5.891673209429773,target
2022-07-11,2022-07-13,long,11897.509765625,11634.387765066964,11634.387765066964,12423.753766741072,2,-418.55886438212184,-3.1356501137159842,stop
2022-07-22,2022-07-26,long,12351.419921875,12114.374720982143,12114.374720982143,12825.510323660714,2,-408.10655226412274,-3.1563172746212795,stop
2022-08-02,2022-08-04,long,12833.16015625,13320.763113839286,12589.358677455357,13320.763113839286,2,731.5301228767614,5.842086763956101,target
2022-08-08,2022-08-15,long,13170.4404296875,13660.907087053572,12925.207101004464,13660.907087053572,5,773.842110216884,5.838882742809682,target
2022-08-19,2022-08-22,long,13271.349609375,12970.427315848214,12970.427315848214,13873.194196428572,1,-439.37175766299134,-3.1323067439155383,stop
2022-10-07,2022-10-13,long,10997.669921875,10585.04638671875,10585.04638671875,11822.9169921875,4,-418.4964326378925,-3.079959107890274,stop
2022-11-21,2022-12-20,long,11535.5595703125,11072.419921875,10857.39076450893,12891.897181919641,20,-276.5288154425344,-2.099809976272931,timeout
2023-01-25,2023-02-01,long,11617.830078125,12302.171805245536,11275.659214564732,12302.171805245536,5,760.4296068122147,5.898140099154772,target
2023-02-08,2023-02-10,long,12520.9501953125,12318.81480189732,12318.81480189732,12925.220982142859,2,-434.9655725729494,-3.1858301505307614,stop
2023-03-20,2023-03-31,long,12444.080078125,13043.369838169641,12144.43519810268,13043.369838169641,9,776.6216566968842,5.875411719927955,target
2023-04-05,2023-04-25,long,12968.0,12754.80078125,12754.80078125,13394.3984375,13,-445.38091912593495,-3.182477216511845,stop
2023-05-02,2023-05-18,long,13096.9404296875,13621.39599609375,12834.712646484375,13621.39599609375,12,792.6626737347304,5.850165299766777,target
2023-05-23,2023-05-24,long,13763.900390625,13529.825090680804,13529.825090680804,14232.050990513391,1,-455.56198460987565,-3.176403495720048,stop
2023-06-07,2023-06-15,long,14301.080078125,15132.269182477678,13885.485525948661,15132.269182477678,6,818.8549136213478,5.896766596169983,target
2023-06-26,2023-06-30,long,14770.1396484375,15185.6240234375,14562.3974609375,15185.6240234375,4,850.9558857250548,5.786704763829867,target
2023-07-20,2023-08-04,long,15531.0,15269.83984375,15269.83984375,16053.3203125,11,-494.44321703808237,-3.178407765828559,stop
2023-09-01,2023-09-07,long,15466.41015625,15274.719935825893,15274.719935825893,15849.790597098214,3,-488.3139903594592,-3.242053195859932,stop
2023-09-11,2023-09-20,long,15341.9404296875,14975.052664620536,14975.052664620536,16075.715959821428,7,-455.4892546366913,-3.1254493217582815,stop
2023-10-12,2023-10-13,long,15119.6201171875,14952.353550502232,14952.353550502232,15454.153250558036,1,-461.82711889497045,-3.2711770872711847,stop
2023-12-04,2023-12-13,long,15765.3095703125,16407.832449776786,15444.048130580357,16407.832449776786,7,799.2700144860154,5.852780561680943,target
2024-01-23,2024-02-21,long,17309.869140625,17478.91015625,16883.78104073661,18162.045340401783,20,154.4294548974797,1.0683082666996742,timeout
2024-02-27,2024-03-26,long,17902.779296875,18210.5390625,17367.97530691964,18972.387276785717,20,237.55213296994862,1.6259619885352012,timeout
2024-05-09,2024-05-16,long,18061.609375,18611.1376953125,17786.84521484375,18611.1376953125,5,861.569773041008,5.802795138586536,target
2024-05-17,2024-05-31,long,18553.30078125,18235.453194754464,18235.453194754464,19188.995954241072,9,-498.7809130405247,-3.1751150699536037,stop
2024-06-07,2024-06-17,long,18978.859375,19757.060128348217,18589.75899832589,19757.060128348217,6,890.360066322715,5.853671233598709,target
2024-06-20,2024-06-24,long,19837.859375,19548.282645089286,19548.282645089286,20417.012834821428,2,-516.1092628947737,-3.2055192008810587,stop
2024-06-24,2024-07-05,long,19473.7109375,20215.598353794645,19102.767229352678,20215.598353794645,8,910.5275439092088,5.842506742857875,target
2024-07-11,2024-07-17,long,20201.5,19908.99637276786,19908.99637276786,20786.507254464283,4,-529.0283957842382,-3.207192302445884,stop
2024-08-27,2024-09-03,long,19376.720703125,18929.581194196428,18929.581194196428,20270.999720982145,4,-499.73761136369086,-3.130004530909526,stop
2024-09-20,2024-10-14,long,19723.939453125,20350.0478515625,19410.88525390625,20350.0478515625,16,898.7442671371533,5.810985386853003,target
2024-10-16,2024-10-22,long,20047.859375,20427.376813616072,19858.100655691964,20427.376813616072,4,930.03387244933,5.68305236068036,target
2024-10-29,2024-10-31,long,20344.8203125,20139.670828683036,20139.670828683036,20755.119280133928,2,-570.3072063649122,-3.297512135063209,stop
2024-11-11,2024-11-15,long,21050.3203125,20660.4150390625,20660.4150390625,21830.130859375,4,-528.8312930274071,-3.161964880291937,stop
2024-11-15,2024-12-11,long,20526.640625,21631.0146484375,19974.45361328125,21631.0146484375,17,953.6944908426161,5.888479952320274,target
2025-01-24,2025-01-27,long,21722.0390625,21438.8447265625,21438.8447265625,22288.427734375,1,-553.9521175209082,-3.2301109482708075,stop
2025-01-28,2025-01-31,long,21087.849609375,21702.6689453125,20780.43994140625,21702.6689453125,3,961.5875766130591,5.794204426795854,target
2025-02-03,2025-02-07,long,21024.26953125,21843.086356026783,20614.86111886161,21843.086356026783,4,1026.3875584880275,5.8459415911221795,target
2025-02-20,2025-02-21,long,22010.349609375,21608.510811941964,21608.510811941964,22814.027204241072,1,-588.0467047522467,-3.1643222338159833,stop
2025-03-26,2025-03-28,long,20164.0703125,19539.503836495536,19539.503836495536,21413.203264508928,2,-557.2978230278642,-3.0968547196520806,stop
2025-05-07,2025-05-12,long,19763.140625,20591.559709821428,19348.931082589286,20591.559709821428,3,1021.337613490485,5.856861284436053,target
2025-05-15,2025-06-13,long,21199.849609375,21631.0390625,20684.385672433036,22230.777483258928,20,440.4729197588977,2.3861394025812466,timeout
2025-06-13,2025-06-24,long,21607.330078125,22102.735770089283,21359.62723214286,22102.735770089283,6,1084.547010702389,5.738307446661115,target
2025-07-09,2025-07-21,long,22736.080078125,23191.120256696428,22508.559988839286,23191.120256696428,8,1139.1680110510288,5.7002100322283145,target
2025-07-22,2025-07-29,long,23018.359375,23403.616629464283,22825.73074776786,23403.616629464283,5,1191.7036752393624,5.641511860842054,target
2025-07-29,2025-07-31,long,23299.810546875,23178.70486886161,23178.70486886161,23542.021902901783,2,-798.2663648290753,-3.577177162848598,stop
2025-07-31,2025-08-01,long,23193.990234375,23077.131975446428,23077.131975446428,23427.706752232145,1,-773.640422814756,-3.59543905018862,stop
2025-08-19,2025-08-20,long,23437.609375,23190.642508370536,23190.642508370536,23931.543108258928,1,-681.3672305544461,-3.2847055116526773,stop
2025-08-26,2025-09-02,long,23382.189453125,23134.186383928572,23134.186383928572,23878.195591517855,4,-658.613176257665,-3.282845565527322,stop
2025-09-02,2025-09-03,long,23008.140625,23325.777483258928,22849.322195870536,23325.777483258928,1,1079.8884763898043,5.56538783154231,target
2025-09-09,2025-09-15,long,23725.0390625,24185.797572544645,23494.659807477678,24185.797572544645,4,1165.729011406807,5.69105240321832,target
2025-09-24,2025-10-06,long,24469.279296875,25043.106724330355,24182.365583147322,25043.106724330355,8,1243.5657744715047,5.744146639291352,target
2025-10-10,2025-10-13,long,24244.2109375,24699.056919642855,24016.787946428572,24699.056919642855,1,1300.356038910984,5.680187862846037,target
2025-10-30,2025-11-06,long,25864.490234375,25205.445172991072,25205.445172991072,27182.580357142855,5,-754.2798805344929,-3.117736214486133,stop
2025-12-12,2025-12-17,long,25280.9609375,24896.870186941964,24896.870186941964,26049.142438616072,3,-749.4500080875769,-3.197460841486835,stop
2025-12-31,2026-01-20,long,25401.58984375,25012.07400948661,25012.07400948661,26180.621512276783,12,-725.0734353535724,-3.195639722003497,stop
2026-04-20,2026-04-30,long,26481.240234375,27458.813616071428,25992.453543526786,27458.813616071428,8,1282.1639992734852,5.837467504351924,target
2026-04-30,2026-05-04,long,27158.880859375,27811.635602678572,26832.503487723214,27811.635602678572,2,1336.7605606231236,5.7503606265171685,target
2026-05-12,2026-05-13,long,28751.2109375,29440.247488839283,28406.69266183036,29440.247488839283,1,1413.4519330775233,5.749639891686882,target
2026-05-13,2026-05-19,long,29143.19921875,28615.34109933036,28615.34109933036,30198.915457589283,4,-822.9615941374765,-3.165630866400948,stop
